{"cameraMode":{"drawMode":0,"name":"Shaded","section":"Shading Mode"},"sceneLighting":true,"audioPlay":false,"sceneViewState":{"m_AlwaysRefresh":false,"showFog":true,"showSkybox":true,"showFlares":true,"showImageEffects":true,"showParticleSystems":true,"showVisualEffectGraphs":true,"m_FxEnabled":true},"in2DMode":false,"pivot":{"x":1.4594775438308716,"y":3.8961496353149416,"z":-10.943490982055664},"rotation":{"x":0.1020142063498497,"y":-0.04773581027984619,"z":0.004900376778095961,"w":0.9936322569847107},"size":2.9836575984954836,"orthographic":false}